{   
    "version": "2.0.0",
    "options": {
        "cwd": "${workspaceFolder}/build"
    },
    "tasks": [
        {
            "type": "shell",
            "label": "cmake",
            "command": "cmake",
            "args": [
                ".."
            ]
        },
        {
            "label": "make",
            "group": {
                "kind": "build",
                "isDefault": true
            },
            "command": "make",
            "args": [

            ]
        },
        {
            "label": "Build",
			"dependsOrder": "sequence", // 按列出的顺序执行任务依赖项
            "dependsOn":[
                "cmake",
                "make"
            ]
        }
    ]

}